headline,links,text,Paper_Name,Story_type
"FinCEN Files | Antiques smuggler in TN jail, and a trade that flourished even after his arrest",https://indianexpress.com/article/express-exclusive/fincen-filesremove-antiques-smuggler-in-tamil-nadu-jail-and-a-trade-that-flourished-even-after-his-arrest-6606764/,"FinCEN Files | Antiques smuggler in TN jail, and a trade that flourished even after his arrest",Indian_Express,Top_Stories
"India, China agree no more escalation, to see if it holds",https://indianexpress.com/article/india/india-china-agree-no-more-escalation-to-see-if-it-holds-6606802/,"India, China agree no more escalation, to see if it holds",Indian_Express,Top_Stories
"As Sept surge sweeps rural Maharashtra, hunt for beds",https://indianexpress.com/article/india/as-sept-surge-sweeps-rural-maharashtra-hunt-for-beds-6606828/,"As Sept surge sweeps rural Maharashtra, hunt for beds",Indian_Express,Top_Stories
Explained: How remunerative is farming at present?,https://indianexpress.com/article/explained/simply-put-the-farmer-a-field-report-6606785/,Explained: How remunerative is farming at present?,Indian_Express,Top_Stories
"Ravi Shankar Prasad: â€˜Our commitment to farmers remains, Opposition will be exposedâ€™",https://indianexpress.com/article/india/ravi-shankar-prasad-our-commitment-to-farmers-remains-once-people-realise-it-opposition-will-be-exposed-6606797/,"Ravi Shankar Prasad: â€˜Our commitment to farmers remains, Opposition will be exposedâ€™",Indian_Express,Top_Stories
Cyprus to Isle of Man: Over 100 transactions linked to Max chairman,https://indianexpress.com/article/express-exclusive/fincen-files-cyprus-to-isle-of-man-over-100-transactions-linked-to-max-chairman-6606773/,Cyprus to Isle of Man: Over 100 transactions linked to Max chairman,Indian_Express,Main_Story
Mumbai Rains LIVE: City municipal commissioner asks citizens to remain indoors,https://liveupdates.hindustantimes.com/india/mumbai-rains-live-updates-western-railway-suspends-services-due-to-waterlogging-21600829580738.html,Mumbai Rains LIVE: City municipal commissioner asks citizens to remain indoors,The_HT,Top_Stories
Landslide warning in north Bengal including Darjeeling and Kalimpong,https://www.hindustantimes.com/kolkata/landslide-warning-in-north-bengal-including-darjeeling-and-kalimpong/story-hPqeXjra6v1PEYIvwSGfQL.html,Landslide warning in north Bengal including Darjeeling and Kalimpong,The_HT,Top_Stories
Would Tendulkar score a ton without spectators? Laxman gives fitting reply,https://www.hindustantimes.com/cricket/would-sachin-tendulkar-score-a-ton-without-spectators-vvs-laxman-gives-fitting-reply/story-XEqAH4wmULiKWKxEHYk9zO.html,Would Tendulkar score a ton without spectators? Laxman gives fitting reply,The_HT,Top_Stories
IPL 2020: Dhoni explains why he batted at No. 7 for CSK against RR,https://www.hindustantimes.com/cricket/ipl-2020-ms-dhoni-explains-the-reason-behind-batting-at-no-7-for-csk-against-rr/story-FBDhclFh3mHEGjkwt4AhTM.html,IPL 2020: Dhoni explains why he batted at No. 7 for CSK against RR,The_HT,Top_Stories
Covid-19 meet with PM: Maharashtra may raise issue of lack of Centreâ€™s support ,https://www.hindustantimes.com/cities/covid-19-meet-with-pm-maharashtra-may-raise-issue-of-lack-of-centre-s-support/story-yNIEj4ktfbdBbWBwaTPWuM.html,Covid-19 meet with PM: Maharashtra may raise issue of lack of Centreâ€™s support ,The_HT,Top_Stories
Parliament monsoon session: What to expect today,https://www.hindustantimes.com/india-news/parliament-monsoon-session-what-to-expect-today/story-KpkkKk22G45TZ8uv9y9XjJ.html,Parliament monsoon session: What to expect today,The_HT,Top_Stories
PM Modi to meet chief ministers of  7 states. Hereâ€™s what to expect,https://www.hindustantimes.com/india-news/pm-modi-to-meet-chief-ministers-of-these-7-states-here-s-why/story-bEOs2kOg8RCoxtFkn1aD8H.html,PM Modi to meet chief ministers of  7 states. Hereâ€™s what to expect,The_HT,Top_Stories
Local trains cancelled in Mumbai due to heavy rainfall and waterlogging,https://www.hindustantimes.com/mumbai-news/local-trains-cancelled-in-mumbai-due-to-heavy-rainfall-and-waterlogging/story-KN0BLtSp6R2f6609Fx8EwL.html,Local trains cancelled in Mumbai due to heavy rainfall and waterlogging,The_HT,Top_Stories
Mumbai suburbs experience second highest 24-hr Sept rain in 26 years,https://www.hindustantimes.com/mumbai-news/mumbai-suburbs-experience-second-highest-24-hr-sept-rain-in-26-yrs/story-QmRciWGBKykNTpDwfSFVJN.html,Mumbai suburbs experience second highest 24-hr Sept rain in 26 years,The_HT,Main_Story
"Ladakh standoff | India, China agree to stop sending more troops to frontline ",https://www.thehindu.com/news/national/ladakh-standoff-new-army-talks-positive-but-no-breakthrough-on-de-escalation/article32667313.ece,"Ladakh standoff | India, China agree to stop sending more troops to frontline ",The_Hindu,Top_Stories
"Farm Bills | Amid protests, kharif crops ripen",https://www.thehindu.com/sci-tech/agriculture/early-impact-of-farm-bills-likely-as-kharif-marketing-season-begins/article32671878.ece,"Farm Bills | Amid protests, kharif crops ripen",The_Hindu,Top_Stories
PM Modi to review COVID-19 status in 7 States/UTs today,https://www.thehindu.com/news/national/pm-modi-to-review-covid-19-status-in-7-high-burden-states-on-sept-23/article32667413.ece,PM Modi to review COVID-19 status in 7 States/UTs today,The_Hindu,Top_Stories
"COVID-19 | Festival crowds could pose a threat, warns NITI Aayog member",https://www.thehindu.com/news/national/niti-aayog-member-warns-of-infection-spread-during-festival-season-crowding/article32670725.ece,"COVID-19 | Festival crowds could pose a threat, warns NITI Aayog member",The_Hindu,Top_Stories
"Hold China accountable for pandemic, Donald Trump tells UN ",https://www.thehindu.com/news/international/hold-china-accountable-for-pandemic-donald-trump-tells-un/article32671485.ece,"Hold China accountable for pandemic, Donald Trump tells UN ",The_Hindu,Top_Stories
 Parliament proceedings live updates | Rajya Sabha proceedings begin without Opposition parties,https://www.thehindu.com/news/national/parliament-proceedings-live-updates-september-23-2020/article32673997.ece, Parliament proceedings live updates | Rajya Sabha proceedings begin without Opposition parties,The_Hindu,Main_Story
